,Reflectance,Wavelength
0,0.02637819756309084,350.0
1,0.026441020956424026,351.0
2,0.026142186474382916,352.0
3,0.02598698866099769,353.0
4,0.025699275320633465,354.0
5,0.02538907029820421,355.0
6,0.025383773833826697,356.0
7,0.02610707600216332,357.0
8,0.025731896802177752,358.0
9,0.025038917731299626,359.0
10,0.024781417200490385,360.0
11,0.024773551719802493,361.0
12,0.024564907469004367,362.0
13,0.02435767378104427,363.0
14,0.024328906975115437,364.0
15,0.02405313453391098,365.0
16,0.02406440066156968,366.0
17,0.024109291137615046,367.0
18,0.023801699168943733,368.0
19,0.023694631164446166,369.0
20,0.02369654637051846,370.0
21,0.023607980017365682,371.0
22,0.02326396966347546,372.0
23,0.023182686106565244,373.0
24,0.023354661217408573,374.0
25,0.023548667150579513,375.0
26,0.023394841889695983,376.0
27,0.023385067976308,377.0
28,0.023368711879295696,378.0
29,0.023217562089813803,379.0
30,0.023087188889772306,380.0
31,0.023338435579214795,381.0
32,0.023604559445385257,382.0
33,0.023493734195634053,383.0
34,0.023433446714599244,384.0
35,0.023394127403664377,385.0
36,0.023414858805331708,386.0
37,0.02352055367896328,387.0
38,0.02343362744778727,388.0
39,0.023467209285542558,389.0
40,0.023610045641977582,390.0
41,0.023535354804829763,391.0
42,0.02360623051193158,392.0
43,0.023731768879706894,393.0
44,0.023752537096524654,394.0
45,0.02352736150060131,395.0
46,0.023411769481577735,396.0
47,0.023354937650411765,397.0
48,0.02327687776287235,398.0
49,0.023326689613441358,399.0
50,0.02331223337595522,400.0
51,0.02327695981527522,401.0
52,0.023311008956811746,402.0
53,0.023214537323654204,403.0
54,0.023130188408468436,404.0
55,0.0231171243266809,405.0
56,0.0231496434424966,406.0
57,0.02321209491577803,407.0
58,0.023319807321551995,408.0
59,0.02341716349023075,409.0
60,0.023325167483031935,410.0
61,0.023431292237563062,411.0
62,0.023552869146059842,412.0
63,0.023513026295870043,413.0
64,0.023634256151132436,414.0
65,0.02378143607617675,415.0
66,0.02392199562456765,416.0
67,0.02406501046225546,417.0
68,0.02414893394502442,418.0
69,0.024252044052139043,419.0
70,0.024385088783921118,420.0
71,0.024486805628658084,421.0
72,0.02463575993750426,422.0
73,0.024737486652651876,423.0
74,0.024795582277727195,424.0
75,0.02507332456625647,425.0
76,0.025234047718087987,426.0
77,0.02532549989958397,427.0
78,0.025466060605163394,428.0
79,0.02550205306046421,429.0
80,0.025633748205500535,430.0
81,0.02583045262804098,431.0
82,0.025927188069987797,432.0
83,0.026022455773770894,433.0
84,0.026034536266595257,434.0
85,0.026004891895783193,435.0
86,0.02614052445614838,436.0
87,0.026189429450789194,437.0
88,0.026245319970016823,438.0
89,0.026377908221157518,439.0
90,0.026373052584032133,440.0
91,0.026442978694703412,441.0
92,0.02656829795559993,442.0
93,0.02665062755048611,443.0
94,0.026798735959894484,444.0
95,0.026843411279050683,445.0
96,0.026827984523317732,446.0
97,0.026999174865979123,447.0
98,0.027074958030634713,448.0
99,0.027127519182687736,449.0
100,0.027227590582181257,450.0
101,0.027297055357220764,451.0
102,0.027358485727238712,452.0
103,0.027467985062494635,453.0
104,0.027643836981086144,454.0
105,0.027633803809005965,455.0
106,0.027692415572674055,456.0
107,0.02783581630712063,457.0
108,0.02785698886951162,458.0
109,0.027898091845148555,459.0
110,0.02796724702153005,460.0
111,0.028053327470617097,461.0
112,0.028158181997804194,462.0
113,0.028169190709158094,463.0
114,0.02818839390481638,464.0
115,0.028330505691470352,465.0
116,0.028393237371841958,466.0
117,0.02842866422722075,467.0
118,0.02848383298948232,468.0
119,0.028583784449249743,469.0
120,0.028631325538684863,470.0
121,0.028672045675325317,471.0
122,0.028740769746304684,472.0
123,0.028813165541706705,473.0
124,0.028852940951600754,474.0
125,0.028882284077056026,475.0
126,0.028936568561741118,476.0
127,0.029016676917209064,477.0
128,0.029066851811799306,478.0
129,0.029096334360499465,479.0
130,0.029159868199285545,480.0
131,0.02920421872540311,481.0
132,0.029273507283788233,482.0
133,0.029380593893985757,483.0
134,0.029451294004080454,484.0
135,0.029568343604664628,485.0
136,0.029668048391342575,486.0
137,0.029696680250861467,487.0
138,0.02987703740141453,488.0
139,0.030015384490726438,489.0
140,0.030094521639739753,490.0
141,0.03023255068548617,491.0
142,0.03030268053905041,492.0
143,0.03039424574550752,493.0
144,0.03056624077259134,494.0
145,0.030769289928900795,495.0
146,0.03092723084158879,496.0
147,0.031121026251846935,497.0
148,0.031429048895109966,498.0
149,0.031628699585561006,499.0
150,0.03192973000780776,500.0
151,0.03232403298669928,501.0
152,0.03261644825007774,502.0
153,0.03300698443627812,503.0
154,0.033384577713924314,504.0
155,0.03370411719733632,505.0
156,0.0341478678631185,506.0
157,0.034703839724555034,507.0
158,0.03528631395661905,508.0
159,0.035820389134252464,509.0
160,0.036477065179081884,510.0
161,0.037162323832137106,511.0
162,0.03786317358700553,512.0
163,0.03865522384405564,513.0
164,0.03958878185718056,514.0
165,0.04054226000992582,515.0
166,0.04149494714789599,516.0
167,0.04276345992222479,517.0
168,0.0440579692701178,518.0
169,0.04532416032549888,519.0
170,0.04662594650135384,520.0
171,0.04796324121426375,521.0
172,0.04936696149723612,522.0
173,0.05080230908181506,523.0
174,0.05218158857802115,524.0
175,0.053576209746970645,525.0
176,0.05504828249015908,526.0
177,0.05656158514899165,527.0
178,0.05788802578632437,528.0
179,0.05916031057033258,529.0
180,0.060370929122293374,530.0
181,0.06146859497647128,531.0
182,0.06256997286030934,532.0
183,0.06359494478877437,533.0
184,0.06448609032667814,534.0
185,0.06526764774238614,535.0
186,0.06600247654574322,536.0
187,0.06667411316945122,537.0
188,0.06726134546649805,538.0
189,0.06781210101869473,539.0
190,0.06829833967131413,540.0
191,0.06873190292165608,541.0
192,0.06915663055294771,542.0
193,0.06958560607607919,543.0
194,0.0699683161561381,544.0
195,0.07030390700348438,545.0
196,0.07070007617374824,546.0
197,0.07109434631660323,547.0
198,0.07144368825328823,548.0
199,0.07173532121201451,549.0
200,0.07207018685309224,550.0
201,0.07238665493539725,551.0
202,0.07262457022489778,552.0
203,0.07273664335825059,553.0
204,0.07277156966556735,554.0
205,0.07276720733638503,555.0
206,0.07271094616483884,556.0
207,0.07244934530775224,557.0
208,0.07220984001047706,558.0
209,0.0719314149999244,559.0
210,0.07144818808889382,560.0
211,0.07097845061590123,561.0
212,0.07048421792101627,562.0
213,0.0699315252920978,563.0
214,0.06932559931381145,564.0
215,0.06861893360375561,565.0
216,0.06785271302656093,566.0
217,0.06707918072949795,567.0
218,0.066292440221446,568.0
219,0.06548453809420401,569.0
220,0.06463142494150534,570.0
221,0.06372397210486778,571.0
222,0.06296307827371331,572.0
223,0.062220092660236696,573.0
224,0.06143700357056512,574.0
225,0.06081029302298883,575.0
226,0.06021123580759503,576.0
227,0.05967379150634519,577.0
228,0.05925313035045274,578.0
229,0.058819157255938226,579.0
230,0.058375847960489294,580.0
231,0.05797636540668224,581.0
232,0.05770465307035025,582.0
233,0.05741147020700803,583.0
234,0.057128383559124765,584.0
235,0.05689652209506137,585.0
236,0.05667277953086241,586.0
237,0.05650030669425544,587.0
238,0.05634846038229841,588.0
239,0.05616390618323618,589.0
240,0.056054941619056844,590.0
241,0.05590706340584406,591.0
242,0.055721467381226915,592.0
243,0.05569423399702693,593.0
244,0.055645518152187705,594.0
245,0.055578109491634345,595.0
246,0.05553512964565412,596.0
247,0.05550139898428036,597.0
248,0.055516365681456334,598.0
249,0.05554261850472964,599.0
250,0.0554898788071615,600.0
251,0.055449463611953846,601.0
252,0.05539572826389567,602.0
253,0.055306430251398433,603.0
254,0.05520439375572105,604.0
255,0.05510544464645221,605.0
256,0.05499624005585818,606.0
257,0.054853942687844,607.0
258,0.05468408262716739,608.0
259,0.05447731577483776,609.0
260,0.05425475703828478,610.0
261,0.054071824536673724,611.0
262,0.053839781015691215,612.0
263,0.05362597972590275,613.0
264,0.053488463505761134,614.0
265,0.05332748629407604,615.0
266,0.05314602503278855,616.0
267,0.05299643159948335,617.0
268,0.052943137759451656,618.0
269,0.052849200968712914,619.0
270,0.05276471376260612,620.0
271,0.05273837933125902,621.0
272,0.05278284670030253,622.0
273,0.05280151568378317,623.0
274,0.052849394038157124,624.0
275,0.052990034526718535,625.0
276,0.05305550001006328,626.0
277,0.05318445201299129,627.0
278,0.0533780712982259,628.0
279,0.053502883154407536,629.0
280,0.05364434918878129,630.0
281,0.05380387279180034,631.0
282,0.05393726698044938,632.0
283,0.053910264190294474,633.0
284,0.053951627980950385,634.0
285,0.05399517374178612,635.0
286,0.05387745407966608,636.0
287,0.05380824773648449,637.0
288,0.053697116128582315,638.0
289,0.053499001096454044,639.0
290,0.05326435503220204,640.0
291,0.05302662875435429,641.0
292,0.05281288877999541,642.0
293,0.0526234968126976,643.0
294,0.052385515391717756,644.0
295,0.05218675668587824,645.0
296,0.052025948099295866,646.0
297,0.05184517762867887,647.0
298,0.05170168742691713,648.0
299,0.051631074675081864,649.0
300,0.051622903771252567,650.0
301,0.05158585355890048,651.0
302,0.05156586947044447,652.0
303,0.05158310308279122,653.0
304,0.051646970936130104,654.0
305,0.05175730346950229,655.0
306,0.051852098669378205,656.0
307,0.05184538091696947,657.0
308,0.05168061159381877,658.0
309,0.05159442953508173,659.0
310,0.05150570191750668,660.0
311,0.05136350517615705,661.0
312,0.0513373973710316,662.0
313,0.05126796666291292,663.0
314,0.05117444166092241,664.0
315,0.0511415154969937,665.0
316,0.051040972421676295,666.0
317,0.05107342689525134,667.0
318,0.05125820706799077,668.0
319,0.051342383602044905,669.0
320,0.051478062158230045,670.0
321,0.05168855004899445,671.0
322,0.05195537714670772,672.0
323,0.05223666311833922,673.0
324,0.05254886467615986,674.0
325,0.052909013550287445,675.0
326,0.05332614886426195,676.0
327,0.053759548826134124,677.0
328,0.05422490695379648,678.0
329,0.05475604518385086,679.0
330,0.055410132479799035,680.0
331,0.05604534865623772,681.0
332,0.056714289124802635,682.0
333,0.05751153109780374,683.0
334,0.05836031440991671,684.0
335,0.059448610469118535,685.0
336,0.060869946187148034,686.0
337,0.06253553484307478,687.0
338,0.0641418743938819,688.0
339,0.06563786329568153,689.0
340,0.06723342393322142,690.0
341,0.06908751437361957,691.0
342,0.07150589467469173,692.0
343,0.07448457427948475,693.0
344,0.07787366759744538,694.0
345,0.08169583059694703,695.0
346,0.08586691870606183,696.0
347,0.09044295286304624,697.0
348,0.0956971347659015,698.0
349,0.1014539054345762,699.0
350,0.1077350789894688,700.0
351,0.11449462655666261,701.0
352,0.12153829666270534,702.0
353,0.12885361218180472,703.0
354,0.13638620996944165,704.0
355,0.14421888677399308,705.0
356,0.15241576055479944,706.0
357,0.1609446761274655,707.0
358,0.16976131180749207,708.0
359,0.1788415876135622,709.0
360,0.18812308909147968,710.0
361,0.19765173528021843,711.0
362,0.20750929094207485,712.0
363,0.21759171007221484,713.0
364,0.22778402104687295,714.0
365,0.237949573784597,715.0
366,0.24829484984142444,716.0
367,0.2590618644542012,717.0
368,0.2704690756559619,718.0
369,0.2820695271993763,719.0
370,0.2934507043208603,720.0
371,0.303690529458946,721.0
372,0.31291291914962416,722.0
373,0.32246971652750694,723.0
374,0.33266221831678455,724.0
375,0.34273981913140883,725.0
376,0.3520324590090797,726.0
377,0.360873129432259,727.0
378,0.3694623538176904,728.0
379,0.3777251330487981,729.0
380,0.38551350988616934,730.0
381,0.39276318746525407,731.0
382,0.3995366769988787,732.0
383,0.40577120235831554,733.0
384,0.41159418588730234,734.0
385,0.41718704416305025,735.0
386,0.4225988396120018,736.0
387,0.4277257269689548,737.0
388,0.43252025783633574,738.0
389,0.43689895045102073,739.0
390,0.44098231760662476,740.0
391,0.44484110131678517,741.0
392,0.44843415434941164,742.0
393,0.4517848518725623,743.0
394,0.4548723786536566,744.0
395,0.4577180048176846,745.0
396,0.4604343385898538,746.0
397,0.4630245074133593,747.0
398,0.4654519236997446,748.0
399,0.46766010799040475,749.0
400,0.46966689885135066,750.0
401,0.47165341286064005,751.0
402,0.47362699511041534,752.0
403,0.47534760980405183,753.0
404,0.47687787783447666,754.0
405,0.478379062810832,755.0
406,0.47994761092160465,756.0
407,0.4814949069319123,757.0
408,0.48259263352459064,758.0
409,0.48364961031387815,759.0
410,0.4859606654249926,760.0
411,0.4898798716128371,761.0
412,0.4923804208518842,762.0
413,0.4929018507255784,763.0
414,0.49330388971213224,764.0
415,0.49362656723714665,765.0
416,0.49387762260182216,766.0
417,0.4941115818760606,767.0
418,0.494516794252824,768.0
419,0.49503443144803466,769.0
420,0.4956881840891056,770.0
421,0.4964905712029408,771.0
422,0.49732446387451706,772.0
423,0.4981850018695813,773.0
424,0.49906109783518804,774.0
425,0.4999277590986933,775.0
426,0.5007853388347949,776.0
427,0.5016293886494425,777.0
428,0.5024617090456814,778.0
429,0.5032747704260796,779.0
430,0.5041471563033372,780.0
431,0.505032844634597,781.0
432,0.5058647401241533,782.0
433,0.5066821553492953,783.0
434,0.5075458874638104,784.0
435,0.5084164133827652,785.0
436,0.5092097603339361,786.0
437,0.5100799882110814,787.0
438,0.5109881447435248,788.0
439,0.511886749217776,789.0
440,0.5127574544044884,790.0
441,0.5135963012676844,791.0
442,0.5144215654898661,792.0
443,0.5152459074900755,793.0
444,0.5160394866528429,794.0
445,0.5168481993348395,795.0
446,0.5176914437338056,796.0
447,0.5185558168275956,797.0
448,0.5193723700508852,798.0
449,0.5201250097552123,799.0
450,0.5208607439175241,800.0
451,0.5216614582571261,801.0
452,0.5224785602451739,802.0
453,0.5233102349281226,803.0
454,0.524129789817936,804.0
455,0.524847730274963,805.0
456,0.5255674278103507,806.0
457,0.5263137348327185,807.0
458,0.5270924733443367,808.0
459,0.5279039693198921,809.0
460,0.5288056233726133,810.0
461,0.5297305370615464,811.0
462,0.5305601335250058,812.0
463,0.5313025603581684,813.0
464,0.5321304879753006,814.0
465,0.5330917366661737,815.0
466,0.5340471176517869,816.0
467,0.5348934848122366,817.0
468,0.5357827630768963,818.0
469,0.5366832481053564,819.0
470,0.5371424372671065,820.0
471,0.5375812286594938,821.0
472,0.5381201013115557,822.0
473,0.5388283488286753,823.0
474,0.5399341354641832,824.0
475,0.5406739017135268,825.0
476,0.5410486475830448,826.0
477,0.5414563664788009,827.0
478,0.5421058269533895,828.0
479,0.5428028568232104,829.0
480,0.5434312393304224,830.0
481,0.5440216868182429,831.0
482,0.5446391835994907,832.0
483,0.5452780136940639,833.0
484,0.5458944304084583,834.0
485,0.5464193857101453,835.0
486,0.547024208855642,836.0
487,0.5476166135172075,837.0
488,0.5481187846210511,838.0
489,0.5486566428112201,839.0
490,0.5492913506572801,840.0
491,0.5499883016383974,841.0
492,0.5506529792179138,842.0
493,0.551129398023356,843.0
494,0.5517057619672043,844.0
495,0.5524108984750464,845.0
496,0.5530831510638158,846.0
497,0.5536592466568762,847.0
498,0.5542716596814543,848.0
499,0.5549277501778521,849.0
500,0.5554790357065134,850.0
501,0.5561011935360815,851.0
502,0.5566775507842674,852.0
503,0.5571732604949858,853.0
504,0.5577749461508063,854.0
505,0.55860860458109,855.0
506,0.5594423277863494,856.0
507,0.5600566628205916,857.0
508,0.5605391423649038,858.0
509,0.5610575584920687,859.0
510,0.5616110761633459,860.0
511,0.5621486999805118,861.0
512,0.5627695361924437,862.0
513,0.5633202859342503,863.0
514,0.5637651589215963,864.0
515,0.564172828237474,865.0
516,0.5646974715422777,866.0
517,0.5654261913440786,867.0
518,0.5662545439680038,868.0
519,0.5669423683441379,869.0
520,0.5674775664975937,870.0
521,0.5680082476254839,871.0
522,0.5685094776958413,872.0
523,0.5687424540007163,873.0
524,0.5693971033579482,874.0
525,0.5700964964498365,875.0
526,0.5705918392454132,876.0
527,0.571280757159283,877.0
528,0.5718464671605842,878.0
529,0.5722890765478783,879.0
530,0.5727060204744268,880.0
531,0.5732070244823608,881.0
532,0.5738375712372945,882.0
533,0.5744089760332076,883.0
534,0.5747697696651761,884.0
535,0.5751967025684658,885.0
536,0.5757882107572123,886.0
537,0.576399211828232,887.0
538,0.5768433194133844,888.0
539,0.5773974124055824,889.0
540,0.5778857560981201,890.0
541,0.5783109837700896,891.0
542,0.578780229785867,892.0
543,0.579172991175027,893.0
544,0.5795859226228061,894.0
545,0.580081068358645,895.0
546,0.5806519582246508,896.0
547,0.5811739773306259,897.0
548,0.581618921750937,898.0
549,0.5821178491658184,899.0
550,0.5829029495108309,900.0
551,0.583444658052937,901.0
552,0.5840338418103167,902.0
553,0.5847058091399502,903.0
554,0.5850497664758262,904.0
555,0.585280698632938,905.0
556,0.5853552192318743,906.0
557,0.5853424278418125,907.0
558,0.5855639266458417,908.0
559,0.5862090124535303,909.0
560,0.5869815324990972,910.0
561,0.5876219595845982,911.0
562,0.5882812290785944,912.0
563,0.5885461749223011,913.0
564,0.588501866684976,914.0
565,0.5885355993112414,915.0
566,0.5893621449525427,916.0
567,0.5899584810204438,917.0
568,0.5902420136445596,918.0
569,0.5904609229338865,919.0
570,0.5909414566408453,920.0
571,0.5908864503457915,921.0
572,0.5908157525071196,922.0
573,0.5912590923978218,923.0
574,0.5914385566416263,924.0
575,0.5917706500016949,925.0
576,0.5920524450408566,926.0
577,0.5920055110909493,927.0
578,0.5920792367928484,928.0
579,0.5914539405681427,929.0
580,0.5905237540089635,930.0
581,0.590217040412059,931.0
582,0.5903200092519082,932.0
583,0.5899338555591352,933.0
584,0.5891183975632078,934.0
585,0.5889188592233714,935.0
586,0.5911495074387105,936.0
587,0.5916328905675494,937.0
588,0.5917600389107461,938.0
589,0.5935123422269353,939.0
590,0.5929533546084952,940.0
591,0.5920301888501439,941.0
592,0.5908805240094657,942.0
593,0.5893569494035927,943.0
594,0.589149192121168,944.0
595,0.5892688079594623,945.0
596,0.5888342449236147,946.0
597,0.5876757206249397,947.0
598,0.587794624522715,948.0
599,0.5873623520827024,949.0
600,0.586709931576576,950.0
601,0.5863805544049455,951.0
602,0.5843521938704457,952.0
603,0.5834898539054214,953.0
604,0.5834825746882405,954.0
605,0.582880543981292,955.0
606,0.5809505679077951,956.0
607,0.5794440384100704,957.0
608,0.5792921059475479,958.0
609,0.5800460414055014,959.0
610,0.5785702569190913,960.0
611,0.5781381406587032,961.0
612,0.5782547069394612,962.0
613,0.5778630136552956,963.0
614,0.5774095806473555,964.0
615,0.5775530939641089,965.0
616,0.5773419438162932,966.0
617,0.5765660506686007,967.0
618,0.5773554392933196,968.0
619,0.5772934234088335,969.0
620,0.5768678231631075,970.0
621,0.5768213699544801,971.0
622,0.5769986877676286,972.0
623,0.5769791826519728,973.0
624,0.5766140559858995,974.0
625,0.5762951724851623,975.0
626,0.576969903609723,976.0
627,0.5768011426820915,977.0
628,0.57650413455008,978.0
629,0.5768347021972301,979.0
630,0.5777988153255728,980.0
631,0.5784881135769578,981.0
632,0.5786439698373886,982.0
633,0.5785424092776537,983.0
634,0.5787842382887595,984.0
635,0.5793382256070008,985.0
636,0.5796103315961781,986.0
637,0.579442182669827,987.0
638,0.5792843104485067,988.0
639,0.5806479263883533,989.0
640,0.5816134042710168,990.0
641,0.5820663624702109,991.0
642,0.5828048473824826,992.0
643,0.5825834916564488,993.0
644,0.5829952989251321,994.0
645,0.5837429777842782,995.0
646,0.5841870586279152,996.0
647,0.5858187685128139,997.0
648,0.586274968510024,998.0
649,0.586160955222679,999.0
650,0.5864681681994844,1000.0
651,0.6083081240861439,1001.0
652,0.6092352490541768,1002.0
653,0.6103625482972461,1003.0
654,0.610652540958086,1004.0
655,0.6110152165080289,1005.0
656,0.6122534739087788,1006.0
657,0.6129457702925953,1007.0
658,0.6138261050140763,1008.0
659,0.6149195186879001,1009.0
660,0.6155356098803103,1010.0
661,0.6162702490035171,1011.0
662,0.6169478785598372,1012.0
663,0.617598065153893,1013.0
664,0.6184065214161523,1014.0
665,0.6191509321578319,1015.0
666,0.6199145170411452,1016.0
667,0.6207730341189498,1017.0
668,0.6217379448104812,1018.0
669,0.6225387498952497,1019.0
670,0.6234992165200369,1020.0
671,0.6247795354832637,1021.0
672,0.6259553133176777,1022.0
673,0.627157506916027,1023.0
674,0.6280594126263347,1024.0
675,0.6286929625081095,1025.0
676,0.6294294244596471,1026.0
677,0.6300808091590714,1027.0
678,0.6308785718068376,1028.0
679,0.6317782735442071,1029.0
680,0.6329086644996686,1030.0
681,0.6338516594588544,1031.0
682,0.6347904399470222,1032.0
683,0.6359235033898338,1033.0
684,0.6369456617093109,1034.0
685,0.6375011996140595,1035.0
686,0.6379337348202269,1036.0
687,0.6385197347817575,1037.0
688,0.638988561748994,1038.0
689,0.6397888780294526,1039.0
690,0.6408348990558005,1040.0
691,0.6415630979927547,1041.0
692,0.6421815451352448,1042.0
693,0.643113890464679,1043.0
694,0.6439632709359473,1044.0
695,0.6448362736614075,1045.0
696,0.6455858783251207,1046.0
697,0.646393819364368,1047.0
698,0.6469616321638791,1048.0
699,0.6477360100750778,1049.0
700,0.6484534962286959,1050.0
701,0.6489954786203036,1051.0
702,0.6497540213148495,1052.0
703,0.650400440672522,1053.0
704,0.6511488988443391,1054.0
705,0.6522345997378166,1055.0
706,0.6531563314494969,1056.0
707,0.6537526247655899,1057.0
708,0.6540584961980455,1058.0
709,0.654496175650299,1059.0
710,0.6545670449578916,1060.0
711,0.6549696334855254,1061.0
712,0.6556676418636822,1062.0
713,0.6561273668941097,1063.0
714,0.6565824674343145,1064.0
715,0.657087509687942,1065.0
716,0.6574874082068922,1066.0
717,0.6579900331579297,1067.0
718,0.6585569397497724,1068.0
719,0.659325720328823,1069.0
720,0.6600363758565022,1070.0
721,0.6603161383961463,1071.0
722,0.6606348583617607,1072.0
723,0.6607350182556135,1073.0
724,0.6610056508506384,1074.0
725,0.6613511559777903,1075.0
726,0.6616877770649363,1076.0
727,0.6621547274264796,1077.0
728,0.6624212123614048,1078.0
729,0.6623384261184481,1079.0
730,0.6624654136703784,1080.0
731,0.6628311705543851,1081.0
732,0.663032653632929,1082.0
733,0.6637260418074017,1083.0
734,0.6642565033551902,1084.0
735,0.6643283072996199,1085.0
736,0.6646956110337942,1086.0
737,0.6649711476754628,1087.0
738,0.6650103089887207,1088.0
739,0.6653199476171937,1089.0
740,0.6659582543617794,1090.0
741,0.6662177963251251,1091.0
742,0.6663025400009519,1092.0
743,0.6666691234533256,1093.0
744,0.6666283721361236,1094.0
745,0.6665134635564893,1095.0
746,0.6668846114695998,1096.0
747,0.6668345704090647,1097.0
748,0.6667503237234607,1098.0
749,0.6671837115490827,1099.0
750,0.6675455556313953,1100.0
751,0.6678578170564533,1101.0
752,0.6679804394369457,1102.0
753,0.6680213683731722,1103.0
754,0.6680319879401224,1104.0
755,0.6676614738374813,1105.0
756,0.6676494265362422,1106.0
757,0.6679690655856244,1107.0
758,0.6681883983826706,1108.0
759,0.6685018262181024,1109.0
760,0.6687369690376413,1110.0
761,0.6689975581709688,1111.0
762,0.6690437564323302,1112.0
763,0.6693837253718025,1113.0
764,0.6697416629216398,1114.0
765,0.6696268985996362,1115.0
766,0.6698737981003671,1116.0
767,0.6699529573681448,1117.0
768,0.6694506205450867,1118.0
769,0.6692635720231019,1119.0
770,0.6698303397845732,1120.0
771,0.6695298933075902,1121.0
772,0.6684466258238543,1122.0
773,0.6679648588173488,1123.0
774,0.6678923224733011,1124.0
775,0.666497820670753,1125.0
776,0.6646173260762647,1126.0
777,0.6628576973395848,1127.0
778,0.6602016224670662,1128.0
779,0.6592229907617887,1129.0
780,0.6588896779333224,1130.0
781,0.6575653257445557,1131.0
782,0.6555104911462439,1132.0
783,0.6525640150853316,1133.0
784,0.6497932742674035,1134.0
785,0.6464790939353013,1135.0
786,0.6438391127809362,1136.0
787,0.6412329877919697,1137.0
788,0.6390623139632162,1138.0
789,0.6374165762157815,1139.0
790,0.6350187228682055,1140.0
791,0.6324248636204817,1141.0
792,0.6297713823404193,1142.0
793,0.6265462358158227,1143.0
794,0.6236300343025889,1144.0
795,0.6202488046561299,1145.0
796,0.6162123711944426,1146.0
797,0.6125820598653221,1147.0
798,0.6086329575124423,1148.0
799,0.605051770383511,1149.0
800,0.6023883347872998,1150.0
801,0.599101856215583,1151.0
802,0.59528542975556,1152.0
803,0.5926979675685816,1153.0
804,0.5907369708450234,1154.0
805,0.5887609312995722,1155.0
806,0.5876045846064558,1156.0
807,0.5858859076732553,1157.0
808,0.5836121497759682,1158.0
809,0.5819749078388601,1159.0
810,0.5802923123874303,1160.0
811,0.5791268493142331,1161.0
812,0.578366983356947,1162.0
813,0.5771909067775262,1163.0
814,0.5762421731666633,1164.0
815,0.5753095389704473,1165.0
816,0.5744235608364738,1166.0
817,0.5733864498459552,1167.0
818,0.5728210531901073,1168.0
819,0.572620011959401,1169.0
820,0.5720307563289364,1170.0
821,0.571624705807966,1171.0
822,0.570987851071221,1172.0
823,0.5696652885034645,1173.0
824,0.5689535602599142,1174.0
825,0.5686394188776067,1175.0
826,0.5681679838445168,1176.0
827,0.5678989770715636,1177.0
828,0.5675860572310939,1178.0
829,0.5668489032745327,1179.0
830,0.5660841962937794,1180.0
831,0.5656570044391325,1181.0
832,0.5653591320713379,1182.0
833,0.5649578265459937,1183.0
834,0.5648583312272659,1184.0
835,0.5644416780428145,1185.0
836,0.5636897417747002,1186.0
837,0.5631865017778476,1187.0
838,0.5626541611705067,1188.0
839,0.5622843326033782,1189.0
840,0.5621433970390795,1190.0
841,0.5618467045042658,1191.0
842,0.5614700259972845,1192.0
843,0.561276453465953,1193.0
844,0.5610822209220913,1194.0
845,0.5609205004630292,1195.0
846,0.5609042398054556,1196.0
847,0.5609228794141259,1197.0
848,0.5610296753469154,1198.0
849,0.5611114877569194,1199.0
850,0.5613470844353075,1200.0
851,0.5618691729025359,1201.0
852,0.562099276565048,1202.0
853,0.5621646078122534,1203.0
854,0.5624257351432717,1204.0
855,0.5625899622261427,1205.0
856,0.5629505309909482,1206.0
857,0.5635228951050428,1207.0
858,0.5640888695076747,1208.0
859,0.5647677226855413,1209.0
860,0.565363950803332,1210.0
861,0.5659451251330222,1211.0
862,0.5665728306556488,1212.0
863,0.567233142870354,1213.0
864,0.567812529509323,1214.0
865,0.5683728528802263,1215.0
866,0.5689336052131165,1216.0
867,0.5695727747127668,1217.0
868,0.5701379595571536,1218.0
869,0.5708301106414561,1219.0
870,0.5716710349501248,1220.0
871,0.5724734064157926,1221.0
872,0.5731820459811146,1222.0
873,0.5741329947504591,1223.0
874,0.575316929780245,1224.0
875,0.5763310346166891,1225.0
876,0.5775467920109457,1226.0
877,0.5784601634582506,1227.0
878,0.578942053216419,1228.0
879,0.5797865364367281,1229.0
880,0.5807870675352863,1230.0
881,0.5816241155503706,1231.0
882,0.5826029069680456,1232.0
883,0.5834949616714494,1233.0
884,0.5842974977520055,1234.0
885,0.5847789972597646,1235.0
886,0.5857382945094456,1236.0
887,0.5870107286770555,1237.0
888,0.5878954344923556,1238.0
889,0.5888582976409563,1239.0
890,0.5896324634741267,1240.0
891,0.5900109902771072,1241.0
892,0.5907008477550355,1242.0
893,0.5915313417162631,1243.0
894,0.5922843801725866,1244.0
895,0.5931134314525718,1245.0
896,0.5938682566765101,1246.0
897,0.5945548273360921,1247.0
898,0.5952587440014272,1248.0
899,0.5959689928947145,1249.0
900,0.5966332592773874,1250.0
901,0.5972566405070705,1251.0
902,0.5979169411939176,1252.0
903,0.5986663657410382,1253.0
904,0.599217599798648,1254.0
905,0.5998375650321213,1255.0
906,0.6005245481876053,1256.0
907,0.6010645235799235,1257.0
908,0.6014445760243349,1258.0
909,0.602023041027761,1259.0
910,0.6026973795431639,1260.0
911,0.6031951516088703,1261.0
912,0.6037469497154742,1262.0
913,0.604200384723242,1263.0
914,0.6043889405670264,1264.0
915,0.6047267041937224,1265.0
916,0.6051124030172589,1266.0
917,0.6055342637535542,1267.0
918,0.6060279710280142,1268.0
919,0.606415600684986,1269.0
920,0.6068008198989943,1270.0
921,0.6071483108202189,1271.0
922,0.6074908910035112,1272.0
923,0.6076392648919992,1273.0
924,0.6077349042547318,1274.0
925,0.6078948905440943,1275.0
926,0.6079763958945448,1276.0
927,0.6079142082033896,1277.0
928,0.6080070103289179,1278.0
929,0.6082602101726065,1279.0
930,0.6082213368220949,1280.0
931,0.6079999182330076,1281.0
932,0.6079528098201751,1282.0
933,0.607839997700419,1283.0
934,0.6077691044801586,1284.0
935,0.608010706506697,1285.0
936,0.6078615079075727,1286.0
937,0.6074436191826935,1287.0
938,0.6070354209460959,1288.0
939,0.6063868650668688,1289.0
940,0.6058723679181657,1290.0
941,0.6054145975871604,1291.0
942,0.6049128362067986,1292.0
943,0.6045033129780197,1293.0
944,0.6038854684972038,1294.0
945,0.6032953291559284,1295.0
946,0.6026527316740647,1296.0
947,0.6016022178520009,1297.0
948,0.6007343166487619,1298.0
949,0.5998469906766033,1299.0
950,0.5988720592599678,1300.0
951,0.5977486417789819,1301.0
952,0.596712237067698,1302.0
953,0.5954872049557043,1303.0
954,0.5937900306290418,1304.0
955,0.592455846255551,1305.0
956,0.5913692011492196,1306.0
957,0.5900676094886305,1307.0
958,0.5888426115199472,1308.0
959,0.5874108658566962,1309.0
960,0.5858452231419998,1310.0
961,0.5840255738665593,1311.0
962,0.5819756161417928,1312.0
963,0.5798720989866352,1313.0
964,0.5774846745176592,1314.0
965,0.5750859183143178,1315.0
966,0.572905412572086,1316.0
967,0.5707036902843271,1317.0
968,0.5686796609800964,1318.0
969,0.566468425019796,1319.0
970,0.5639466053259005,1320.0
971,0.5612959976950215,1321.0
972,0.5587910772504686,1322.0
973,0.5562719843812557,1323.0
974,0.553765153920048,1324.0
975,0.5515356841896747,1325.0
976,0.548868740104001,1326.0
977,0.5457471796922025,1327.0
978,0.5428815894710558,1328.0
979,0.5400114540816615,1329.0
980,0.5369238528524304,1330.0
981,0.534055991437639,1331.0
982,0.5308326685954599,1332.0
983,0.5271477906104365,1333.0
984,0.5237333028256728,1334.0
985,0.519978383281712,1335.0
986,0.5169202147432763,1336.0
987,0.5145638885607053,1337.0
988,0.512110388889709,1338.0
989,0.5097311825007032,1339.0
990,0.5080262009541544,1340.0
991,0.5057454287774336,1341.0
992,0.503567243748318,1342.0
993,0.5026758968934562,1343.0
994,0.5013450175302836,1344.0
995,0.49955282121984956,1345.0
996,0.49750482244155964,1346.0
997,0.49724616946603173,1347.0
998,0.49812509142446026,1348.0
999,0.4969851706701138,1349.0
1000,0.4971850397542615,1350.0
1001,0.4969814447717077,1351.0
1002,0.4896391422650213,1352.0
1003,0.4862960189280586,1353.0
1004,0.494269599405924,1354.0
1005,0.49985204062789923,1355.0
1006,0.5095047568950545,1356.0
1007,0.5171287840446953,1357.0
1008,0.5166777750146734,1358.0
1009,0.52245611573245,1359.0
1010,0.5050344181545683,1360.0
1011,0.49538356680832196,1361.0
1012,0.5189925429588419,1362.0
1013,0.5278181414591948,1363.0
1014,0.5287733386802391,1364.0
1015,0.5145355317378189,1365.0
1016,0.4969536191504615,1366.0
1017,0.43058585072053873,1367.0
1018,0.3346852593039867,1368.0
1019,0.27079391843009504,1369.0
1020,0.28885156368924514,1370.0
1021,0.3515359287733313,1371.0
1022,0.35792733823144324,1372.0
1023,0.3346489585509468,1373.0
1024,0.25587535569597025,1374.0
1025,0.201100566609085,1375.0
1026,0.19187733020575332,1376.0
1027,0.2453626891318397,1377.0
1028,0.25964972175854006,1378.0
1029,0.27238228750588545,1379.0
1030,0.25697752867125023,1380.0
1031,0.21794897873519084,1381.0
1032,0.20957834415644364,1382.0
1033,0.1692737171032201,1383.0
1034,0.2083854358340232,1384.0
1035,0.3579826996384419,1385.0
1036,0.3856597660881245,1386.0
1037,0.3901259145133302,1387.0
1038,0.3970216312557526,1388.0
1039,0.32876928487656887,1389.0
1040,0.3084772039687731,1390.0
1041,0.32491222813959136,1391.0
1042,0.3368832195557799,1392.0
1043,0.3142598168494824,1393.0
1044,0.30466455912637713,1394.0
1045,0.2887071531740297,1395.0
1046,0.2842963903112279,1396.0
1047,0.29887753209884,1397.0
1048,0.2788995793178664,1398.0
1049,0.25578815670625066,1399.0
1050,0.2560976730923554,1400.0
1051,0.2500040521744027,1401.0
1052,0.2552187660578467,1402.0
1053,0.2622887857366761,1403.0
1054,0.24192072871548484,1404.0
1055,0.20275314488677826,1405.0
1056,0.1868541821642115,1406.0
1057,0.17699571706111758,1407.0
1058,0.17114364105530183,1408.0
1059,0.1623548986696562,1409.0
1060,0.15587258040264695,1410.0
1061,0.15267862959827033,1411.0
1062,0.15135708114761454,1412.0
1063,0.1499002663145308,1413.0
1064,0.15343647296553312,1414.0
1065,0.15224785598435467,1415.0
1066,0.14487792684390882,1416.0
1067,0.1421879787005717,1417.0
1068,0.14286352907274272,1418.0
1069,0.14074062505091417,1419.0
1070,0.13757134236338156,1420.0
1071,0.13573947557201138,1421.0
1072,0.13731984648363751,1422.0
1073,0.1349628060960134,1423.0
1074,0.1317477879624985,1424.0
1075,0.13382185256982462,1425.0
1076,0.13303713466138847,1426.0
1077,0.12985406869625726,1427.0
1078,0.1330327950384958,1428.0
1079,0.13491895805792817,1429.0
1080,0.13092844341681864,1430.0
1081,0.12818524930211467,1431.0
1082,0.12473952716443619,1432.0
1083,0.1217348003454316,1433.0
1084,0.12087052478462715,1434.0
1085,0.11967972027406781,1435.0
1086,0.11907397006203647,1436.0
1087,0.1155869451619372,1437.0
1088,0.11125262311487526,1438.0
1089,0.11188963928928697,1439.0
1090,0.11302553944158537,1440.0
1091,0.11268574556414196,1441.0
1092,0.11310602987342604,1442.0
1093,0.11534264834791462,1443.0
1094,0.11527065517904116,1444.0
1095,0.11395325171178469,1445.0
1096,0.11344093729883863,1446.0
1097,0.1124608990928977,1447.0
1098,0.11234577810795764,1448.0
1099,0.11276526748137342,1449.0
1100,0.11253846638948516,1450.0
1101,0.11230886719193622,1451.0
1102,0.11219365842330371,1452.0
1103,0.11242133222947909,1453.0
1104,0.11220927528693656,1454.0
1105,0.11176262890737154,1455.0
1106,0.11129974054672886,1456.0
1107,0.11178325333423089,1457.0
1108,0.11089443523010298,1458.0
1109,0.11034901043414938,1459.0
1110,0.11117151353319955,1460.0
1111,0.11171214643807967,1461.0
1112,0.11174011515136716,1462.0
1113,0.1121703176831657,1463.0
1114,0.11226479734144655,1464.0
1115,0.11131107390339018,1465.0
1116,0.11235418712468204,1466.0
1117,0.1142981506958019,1467.0
1118,0.115307219003873,1468.0
1119,0.11632712832297801,1469.0
1120,0.11612973217484567,1470.0
1121,0.11628411307106072,1471.0
1122,0.11790376511056894,1472.0
1123,0.11945036183181908,1473.0
1124,0.11953258292229531,1474.0
1125,0.11976468982904098,1475.0
1126,0.1210500662741317,1476.0
1127,0.12178316328922081,1477.0
1128,0.12260995142181667,1478.0
1129,0.12358867005753832,1479.0
1130,0.12348409711277843,1480.0
1131,0.12343768844673925,1481.0
1132,0.125330162535076,1482.0
1133,0.12666742697337724,1483.0
1134,0.1281562195771963,1484.0
1135,0.12879808847131322,1485.0
1136,0.12891531983839127,1486.0
1137,0.12962867848989618,1487.0
1138,0.13025170990333593,1488.0
1139,0.13113007553367434,1489.0
1140,0.13247641336141935,1490.0
1141,0.1335247563342233,1491.0
1142,0.1342468138907812,1492.0
1143,0.13507305097248137,1493.0
1144,0.1362023630752671,1494.0
1145,0.13717375352074226,1495.0
1146,0.13803461082615961,1496.0
1147,0.13886694293502014,1497.0
1148,0.13939515198604005,1498.0
1149,0.140407773036097,1499.0
1150,0.14156349311423866,1500.0
1151,0.14297844036702545,1501.0
1152,0.14437463162939493,1502.0
1153,0.14548675961616198,1503.0
1154,0.14670908178271994,1504.0
1155,0.14785799781344122,1505.0
1156,0.14903397993832337,1506.0
1157,0.1507232965505812,1507.0
1158,0.15216172282876084,1508.0
1159,0.15315107251977775,1509.0
1160,0.15439810542334823,1510.0
1161,0.15542147450035604,1511.0
1162,0.15616675727215473,1512.0
1163,0.15741266279898875,1513.0
1164,0.15894270222524398,1514.0
1165,0.16060102809673127,1515.0
1166,0.16220393731450514,1516.0
1167,0.16349325868283787,1517.0
1168,0.1647822710863476,1518.0
1169,0.16610454813569142,1519.0
1170,0.167416673859035,1520.0
1171,0.1688003290899037,1521.0
1172,0.17009784323123467,1522.0
1173,0.17111173416735276,1523.0
1174,0.17204418510448802,1524.0
1175,0.17337450217344502,1525.0
1176,0.17487070683700634,1526.0
1177,0.17607749957101546,1527.0
1178,0.1773989285716582,1528.0
1179,0.17880601293879078,1529.0
1180,0.179865839357465,1530.0
1181,0.1810673476330471,1531.0
1182,0.18250193375877785,1532.0
1183,0.18379922871180146,1533.0
1184,0.18488076222838923,1534.0
1185,0.18593635975691902,1535.0
1186,0.18739044544472927,1536.0
1187,0.18884140031573715,1537.0
1188,0.1900317436455048,1538.0
1189,0.19150250752038342,1539.0
1190,0.19276424517402962,1540.0
1191,0.1935210966534284,1541.0
1192,0.19457849515938652,1542.0
1193,0.1958759384753252,1543.0
1194,0.19713525030571735,1544.0
1195,0.1984624357979629,1545.0
1196,0.1996994989070235,1546.0
1197,0.20080438252229743,1547.0
1198,0.20214180748851088,1548.0
1199,0.2036221865812057,1549.0
1200,0.2050149232395982,1550.0
1201,0.20669427506250063,1551.0
1202,0.20800126590631482,1552.0
1203,0.2088402802640221,1553.0
1204,0.20987408272627828,1554.0
1205,0.21099350185143745,1555.0
1206,0.21205207534303477,1556.0
1207,0.213094411551361,1557.0
1208,0.21421473539968158,1558.0
1209,0.2153549057871777,1559.0
1210,0.21634325987000175,1560.0
1211,0.21710633143610375,1561.0
1212,0.2182561405305044,1562.0
1213,0.21971485061028312,1563.0
1214,0.2209201653029023,1564.0
1215,0.2222693797970114,1565.0
1216,0.22357000698817345,1566.0
1217,0.22453467232138502,1567.0
1218,0.22552499320603916,1568.0
1219,0.22668282156606806,1569.0
1220,0.22789864078020308,1570.0
1221,0.22897244697707028,1571.0
1222,0.2303032112583275,1572.0
1223,0.23170954850217723,1573.0
1224,0.23278087194475822,1574.0
1225,0.2337588140378382,1575.0
1226,0.23470653134378397,1576.0
1227,0.23571381075758152,1577.0
1228,0.23684712527047128,1578.0
1229,0.23782019453034178,1579.0
1230,0.23864433211489475,1580.0
1231,0.2396834747824368,1581.0
1232,0.24075885927394047,1582.0
1233,0.24167280104328578,1583.0
1234,0.24278557262515144,1584.0
1235,0.24369361311067528,1585.0
1236,0.2444512956780672,1586.0
1237,0.24571268914041533,1587.0
1238,0.24684254041263,1588.0
1239,0.24776796766916434,1589.0
1240,0.24892573528186637,1590.0
1241,0.24995278838374266,1591.0
1242,0.2508873713497157,1592.0
1243,0.25195423414529533,1593.0
1244,0.25309985100949967,1594.0
1245,0.2542820788942372,1595.0
1246,0.25528028536090686,1596.0
1247,0.25622962555831413,1597.0
1248,0.25729374872570937,1598.0
1249,0.25812915572451023,1599.0
1250,0.2590287938135332,1600.0
1251,0.2602740459181038,1601.0
1252,0.2611731290255535,1602.0
1253,0.2619090904510401,1603.0
1254,0.26303026208264857,1604.0
1255,0.2639591376582199,1605.0
1256,0.2646531314531366,1606.0
1257,0.265537963510985,1607.0
1258,0.26650298520739496,1608.0
1259,0.26756449287217154,1609.0
1260,0.2684302399649291,1610.0
1261,0.26913275359649497,1611.0
1262,0.2699717065168049,1612.0
1263,0.27057380167401995,1613.0
1264,0.2717042945814846,1614.0
1265,0.27321914552389326,1615.0
1266,0.27395223115035,1616.0
1267,0.27471058315816826,1617.0
1268,0.27549105456967343,1618.0
1269,0.2761949766099343,1619.0
1270,0.27758046037993506,1620.0
1271,0.2789586532684495,1621.0
1272,0.2796541296657126,1622.0
1273,0.2798504719948873,1623.0
1274,0.2801079373946428,1624.0
1275,0.2804272179632641,1625.0
1276,0.2810537149699651,1626.0
1277,0.2822432470867801,1627.0
1278,0.2830612166184557,1628.0
1279,0.28382958739232306,1629.0
1280,0.2848079747108724,1630.0
1281,0.2855285217826651,1631.0
1282,0.2860385151345058,1632.0
1283,0.2862644646422545,1633.0
1284,0.2867544130179196,1634.0
1285,0.2874527577718067,1635.0
1286,0.28799316967742644,1636.0
1287,0.28857179166903035,1637.0
1288,0.28913844899325425,1638.0
1289,0.2897971654055909,1639.0
1290,0.2904336304135492,1640.0
1291,0.29099114613071,1641.0
1292,0.2914068998536135,1642.0
1293,0.2912809911945308,1643.0
1294,0.2913089583159589,1644.0
1295,0.29191755403103936,1645.0
1296,0.2923788268812657,1646.0
1297,0.2928579917963047,1647.0
1298,0.2933371887699985,1648.0
1299,0.29331862446966817,1649.0
1300,0.2931289679898177,1650.0
1301,0.29302537183652044,1651.0
1302,0.2929557942206948,1652.0
1303,0.2931903178622023,1653.0
1304,0.2935143531541969,1654.0
1305,0.29334640461866696,1655.0
1306,0.2931665026777333,1656.0
1307,0.29319658769546975,1657.0
1308,0.2929991927578943,1658.0
1309,0.29296710802562836,1659.0
1310,0.2929731710754675,1660.0
1311,0.292677772902788,1661.0
1312,0.2925551543949562,1662.0
1313,0.29261948180713476,1663.0
1314,0.2926516191173184,1664.0
1315,0.2926855665926291,1665.0
1316,0.29257909907893986,1666.0
1317,0.2925159044389928,1667.0
1318,0.292606041208388,1668.0
1319,0.29203900275630906,1669.0
1320,0.2919288948389599,1670.0
1321,0.29212824542177546,1671.0
1322,0.2921569216708954,1672.0
1323,0.2924491542003384,1673.0
1324,0.2926209701534315,1674.0
1325,0.2924232909607036,1675.0
1326,0.29235899974556695,1676.0
1327,0.2924905878978392,1677.0
1328,0.29253754747178395,1678.0
1329,0.2926962686698184,1679.0
1330,0.29254301992981013,1680.0
1331,0.29207287994943276,1681.0
1332,0.2918119629846296,1682.0
1333,0.29130678423988343,1683.0
1334,0.291097096274867,1684.0
1335,0.29136448653739894,1685.0
1336,0.29129136573163794,1686.0
1337,0.2912177277649839,1687.0
1338,0.290957917080605,1688.0
1339,0.29040812480520367,1689.0
1340,0.29000090406651446,1690.0
1341,0.28938452892229083,1691.0
1342,0.2890924366104358,1692.0
1343,0.28941022979664965,1693.0
1344,0.2889054501127838,1694.0
1345,0.28773682119429606,1695.0
1346,0.2873081485620753,1696.0
1347,0.28699478173423765,1697.0
1348,0.2864171796972965,1698.0
1349,0.28627213306973276,1699.0
1350,0.28584149277502763,1700.0
1351,0.28469428376449935,1701.0
1352,0.28401610686269196,1702.0
1353,0.2837862139445877,1703.0
1354,0.28338372935234035,1704.0
1355,0.28296330603673614,1705.0
1356,0.2823250851405046,1706.0
1357,0.28157222157502176,1707.0
1358,0.2810814469408244,1708.0
1359,0.2805872676350376,1709.0
1360,0.2799587393685407,1710.0
1361,0.2793796498409477,1711.0
1362,0.2788077498742663,1712.0
1363,0.2780689818854117,1713.0
1364,0.2775101816186139,1714.0
1365,0.2772028099544626,1715.0
1366,0.2768095721801046,1716.0
1367,0.27650413719192257,1717.0
1368,0.2756407053877822,1718.0
1369,0.2743453072093012,1719.0
1370,0.2737909710006492,1720.0
1371,0.27309082459351314,1721.0
1372,0.2726526364613188,1722.0
1373,0.273227277916563,1723.0
1374,0.2726165079092713,1724.0
1375,0.271182226884474,1725.0
1376,0.27044267488450313,1726.0
1377,0.26953888626426686,1727.0
1378,0.26863203442934347,1728.0
1379,0.26888656596274113,1729.0
1380,0.26871964098704687,1730.0
1381,0.26816146083210185,1731.0
1382,0.2675541663947732,1732.0
1383,0.2662859487611175,1733.0
1384,0.2649440712601022,1734.0
1385,0.264481883269497,1735.0
1386,0.2653708491161619,1736.0
1387,0.2653010034614531,1737.0
1388,0.2650346033834649,1738.0
1389,0.2647075712595451,1739.0
1390,0.2636440238772027,1740.0
1391,0.26270507814076205,1741.0
1392,0.2618024238329566,1742.0
1393,0.2611397824829723,1743.0
1394,0.260408270214092,1744.0
1395,0.25988052278323304,1745.0
1396,0.26028873684653764,1746.0
1397,0.25963429526298853,1747.0
1398,0.2580897311791969,1748.0
1399,0.2570800904939049,1749.0
1400,0.25550896057543154,1750.0
1401,0.25461459777780104,1751.0
1402,0.25469236556086833,1752.0
1403,0.2542146490575396,1753.0
1404,0.2537494890700803,1754.0
1405,0.25302188641183915,1755.0
1406,0.251790718830983,1756.0
1407,0.2510263599964378,1757.0
1408,0.2504102986850376,1758.0
1409,0.24966263961004007,1759.0
1410,0.24928331628499742,1760.0
1411,0.24835090745553187,1761.0
1412,0.24666998720667643,1762.0
1413,0.2458180777249518,1763.0
1414,0.24496210346638034,1764.0
1415,0.24469307618742125,1765.0
1416,0.24559957485748798,1766.0
1417,0.24517070012849135,1767.0
1418,0.2444116870532614,1768.0
1419,0.24354415030147333,1769.0
1420,0.24167538223360202,1770.0
1421,0.24087265387493412,1771.0
1422,0.24037132994516316,1772.0
1423,0.2406487159525695,1773.0
1424,0.24195926395957595,1774.0
1425,0.2422792824607472,1775.0
1426,0.2421753036708991,1776.0
1427,0.24094657287802182,1777.0
1428,0.23905061332364888,1778.0
1429,0.23912922134789766,1779.0
1430,0.23919052588146625,1780.0
1431,0.24103240816185792,1781.0
1432,0.24120671790812878,1782.0
1433,0.23952692052710936,1783.0
1434,0.23875056635582242,1784.0
1435,0.2371586710120518,1785.0
1436,0.23631567375055781,1786.0
1437,0.23691369307787483,1787.0
1438,0.23723820249758115,1788.0
1439,0.23765656472646512,1789.0
1440,0.23770181433115392,1790.0
1441,0.23730226408056734,1791.0
1442,0.23790508498006127,1792.0
1443,0.23914800127609157,1793.0
1444,0.23980239026472208,1794.0
1445,0.24136659514617978,1795.0
1446,0.2419816936552676,1796.0
1447,0.24091892057274558,1797.0
1448,0.2407834977033734,1798.0
1449,0.2409804836551521,1799.0
1450,0.24126925994071763,1800.0
1451,0.24165002846352,1801.0
1452,0.242000528514753,1802.0
1453,0.24377896254087292,1803.0
1454,0.242857350548194,1804.0
1455,0.2392436190045318,1805.0
1456,0.2348262255159711,1806.0
1457,0.22970134559340258,1807.0
1458,0.23536443432819815,1808.0
1459,0.24544079883977654,1809.0
1460,0.25240986852740754,1810.0
1461,0.2590973792966131,1811.0
1462,0.25909948662131327,1812.0
1463,0.2519126055078296,1813.0
1464,0.24715753166996574,1814.0
1465,0.25178016161519906,1815.0
1466,0.2834164815594023,1816.0
1467,0.2983171758785304,1817.0
1468,0.3198384762204705,1818.0
1469,0.34075519766987394,1819.0
1470,0.3108615212995907,1820.0
1471,0.3094645238135947,1821.0
1472,0.33747852161413283,1822.0
1473,0.3653144207926565,1823.0
1474,0.4198760725739543,1824.0
1475,0.45332231160058767,1825.0
1476,0.511963689461576,1826.0
1477,0.5195856323614966,1827.0
1478,0.4115527535025153,1828.0
1479,0.4077266972352044,1829.0
1480,0.4507384764705066,1830.0
1481,0.3988826821950875,1831.0
1482,0.15140357875593136,1832.0
1483,0.10855671171968541,1833.0
1484,0.006629281987998931,1834.0
1485,-0.25702334218264383,1835.0
1486,-0.22779543339812852,1836.0
1487,-0.075588216673969,1837.0
1488,-0.547154794815128,1838.0
1489,-0.3636426759765646,1839.0
1490,-0.7981214172616241,1840.0
1491,-1.0090634247498724,1841.0
1492,-0.5841583125302865,1842.0
1493,0.07836742420789063,1843.0
1494,0.013418546569715112,1844.0
1495,0.12886102507962882,1845.0
1496,0.3246754636461134,1846.0
1497,0.6105131262314609,1847.0
1498,1.269575407656662,1848.0
1499,-0.6895812973230474,1849.0
1500,-0.16315982869429485,1850.0
1501,0.20518151605264523,1851.0
1502,0.3980669139999373,1852.0
1503,0.8508920349233638,1853.0
1504,1.1438897694241905,1854.0
1505,2.26696099360998,1855.0
1506,-1.7746027757416045,1856.0
1507,-2.204443477297127,1857.0
1508,-7.1724507537606375,1858.0
1509,-1.1146304979616204,1859.0
1510,-0.6916475914702843,1860.0
1511,-0.4031836936738412,1861.0
1512,1.7075560538011278,1862.0
1513,-0.6894490767107047,1863.0
1514,-30.144946075548585,1864.0
1515,7.366465283936773,1865.0
1516,-3.426756290456682,1866.0
1517,-3.9405904526021756,1867.0
1518,4.192707437154116,1868.0
1519,1.469174130895387,1869.0
1520,0.1165198596694191,1870.0
1521,-0.3206187020816314,1871.0
1522,-0.1761509680478423,1872.0
1523,-0.1411257803865274,1873.0
1524,-0.1469037548923004,1874.0
1525,-0.13762788916615076,1875.0
1526,-0.1371501562767943,1876.0
1527,-0.5009608963587272,1877.0
1528,-1.3699331591293122,1878.0
1529,-2.7619141837763843,1879.0
1530,-1.951888468765464,1880.0
1531,9.020223099031119,1881.0
1532,0.5780700949340284,1882.0
1533,-0.39552699106325473,1883.0
1534,-0.542757787580637,1884.0
1535,-0.486000168033897,1885.0
1536,-0.5568933899620038,1886.0
1537,-1.0832195364305877,1887.0
1538,19.696352232162962,1888.0
1539,-3.931883837280604,1889.0
1540,-3.9158244767080825,1890.0
1541,4.961260904087547,1891.0
1542,1.100932863878553,1892.0
1543,-0.1704785394043416,1893.0
1544,-1.3068599653437782,1894.0
1545,-0.6533354209777513,1895.0
1546,0.2869433294947643,1896.0
1547,0.37122960845116215,1897.0
1548,1.7324459388996314,1898.0
1549,-6.317967093549959,1899.0
1550,-1.188556574587515,1900.0
1551,-0.8059776828802332,1901.0
1552,-0.5198128016209516,1902.0
1553,0.0325625930407123,1903.0
1554,-0.002709360815498998,1904.0
1555,0.1583594023667292,1905.0
1556,0.3199749613337284,1906.0
1557,0.1521801376288599,1907.0
1558,-0.035787065495176434,1908.0
1559,-0.19006722458750067,1909.0
1560,-0.32344771617309737,1910.0
1561,-0.5126620055546904,1911.0
1562,-1.4416837394604676,1912.0
1563,-1.056111983373269,1913.0
1564,-8.007509162024146,1914.0
1565,1.2503822544032401,1915.0
1566,1.8813795975040923,1916.0
1567,0.7921246252292717,1917.0
1568,0.26252374469027484,1918.0
1569,0.06668663872582943,1919.0
1570,-0.11492035871331721,1920.0
1571,0.05549037653214322,1921.0
1572,0.18828851690825646,1922.0
1573,0.4917089590335278,1923.0
1574,0.3985450347290925,1924.0
1575,0.35966538353306743,1925.0
1576,0.26527369590710276,1926.0
1577,0.017121921153793157,1927.0
1578,-0.005211193453459147,1928.0
1579,0.04789035025572408,1929.0
1580,0.011929339808166163,1930.0
1581,0.07041859054799092,1931.0
1582,0.03753801708537192,1932.0
1583,0.07237035581161193,1933.0
1584,0.09002982779658468,1934.0
1585,0.11553787562071231,1935.0
1586,0.1670835417128654,1936.0
1587,0.25836237191253614,1937.0
1588,0.2556207635010809,1938.0
1589,0.21838847567405348,1939.0
1590,0.18059522271483405,1940.0
1591,0.16407237778275133,1941.0
1592,0.141209304590054,1942.0
1593,0.1052518752299763,1943.0
1594,0.08865213904274487,1944.0
1595,0.07880233499442969,1945.0
1596,0.05993222105867338,1946.0
1597,0.03502539015674196,1947.0
1598,0.0288443351805338,1948.0
1599,0.024147517865191984,1949.0
1600,0.009887889062510919,1950.0
1601,0.04568669870202693,1951.0
1602,0.0922497817263479,1952.0
1603,0.10037457245941724,1953.0
1604,0.10934778712963006,1954.0
1605,0.10936205907327483,1955.0
1606,0.07815116075752147,1956.0
1607,0.06934458881794775,1957.0
1608,0.06938008148895389,1958.0
1609,0.07630478891971343,1959.0
1610,0.07338877621785446,1960.0
1611,0.0699467176204551,1961.0
1612,0.06115966861567194,1962.0
1613,0.047783426568403446,1963.0
1614,0.035603944034007025,1964.0
1615,0.03277535856328916,1965.0
1616,0.03372431297094568,1966.0
1617,0.04183489413201419,1967.0
1618,0.04178390296520981,1968.0
1619,0.04044736498914428,1969.0
1620,0.041085758194545886,1970.0
1621,0.03859138524224892,1971.0
1622,0.038390977993476044,1972.0
1623,0.04375904672928692,1973.0
1624,0.04829909366153334,1974.0
1625,0.05167766218245226,1975.0
1626,0.05582372637996891,1976.0
1627,0.0544634314565065,1977.0
1628,0.04761419713442713,1978.0
1629,0.045803017997800066,1979.0
1630,0.04159122766058618,1980.0
1631,0.040899012476176715,1981.0
1632,0.043529840049874764,1982.0
1633,0.04823229135908533,1983.0
1634,0.05049693050251478,1984.0
1635,0.04848235979336165,1985.0
1636,0.04806328887426414,1986.0
1637,0.04946832426844805,1987.0
1638,0.049573805829071234,1988.0
1639,0.05132565250714253,1989.0
1640,0.05150642369487938,1990.0
1641,0.05048017960804705,1991.0
1642,0.04915006391501767,1992.0
1643,0.04563352023287522,1993.0
1644,0.04427374038356936,1994.0
1645,0.044595639854935525,1995.0
1646,0.04271921023648108,1996.0
1647,0.04260639070313016,1997.0
1648,0.04055607169044822,1998.0
1649,0.03428117633910057,1999.0
1650,0.033520323237981015,2000.0
1651,0.031717301343787384,2001.0
1652,0.02984568141895046,2002.0
1653,0.03167341836469612,2003.0
1654,0.03891179318261943,2004.0
1655,0.04138004483443598,2005.0
1656,0.042173275745562504,2006.0
1657,0.04630704601776157,2007.0
1658,0.05272509787576551,2008.0
1659,0.052690965090471144,2009.0
1660,0.05268908314346656,2010.0
1661,0.05934086434920202,2011.0
1662,0.05760446806060574,2012.0
1663,0.05777781306886386,2013.0
1664,0.058382449656105916,2014.0
1665,0.06008105721629888,2015.0
1666,0.05827613571774363,2016.0
1667,0.05375156962716483,2017.0
1668,0.053304580498799554,2018.0
1669,0.05308809316320583,2019.0
1670,0.05467695071765715,2020.0
1671,0.0593967503795174,2021.0
1672,0.06325421800944171,2022.0
1673,0.06191495937632679,2023.0
1674,0.060207562661752506,2024.0
1675,0.058817591702678355,2025.0
1676,0.05696823711990335,2026.0
1677,0.057678299705267874,2027.0
1678,0.061040000025496546,2028.0
1679,0.06290239049655913,2029.0
1680,0.06619216403279579,2030.0
1681,0.0673264653552671,2031.0
1682,0.06716682224823559,2032.0
1683,0.06733503710619104,2033.0
1684,0.0675501122111201,2034.0
1685,0.06533208457558332,2035.0
1686,0.06507479410532824,2036.0
1687,0.06582438074469402,2037.0
1688,0.06586172082740313,2038.0
1689,0.06544317482911553,2039.0
1690,0.06641226382421421,2040.0
1691,0.06912536245274865,2041.0
1692,0.06891020533894562,2042.0
1693,0.06625595914469673,2043.0
1694,0.06756455154303735,2044.0
1695,0.07015478286642898,2045.0
1696,0.0713614633945587,2046.0
1697,0.07531190390684595,2047.0
1698,0.07840313973227078,2048.0
1699,0.078156848686335,2049.0
1700,0.07473396716423199,2050.0
1701,0.07347360926419282,2051.0
1702,0.0733987605738107,2052.0
1703,0.07312468942188945,2053.0
1704,0.07225516980896707,2054.0
1705,0.07295259916937728,2055.0
1706,0.07592763308125954,2056.0
1707,0.07699656429492502,2057.0
1708,0.07743299890562313,2058.0
1709,0.07877341689653815,2059.0
1710,0.08059109003481206,2060.0
1711,0.07970333549310299,2061.0
1712,0.08119087529493978,2062.0
1713,0.08545067536706792,2063.0
1714,0.08739641222311195,2064.0
1715,0.08661889906315019,2065.0
1716,0.08512565218957321,2066.0
1717,0.08102183007457144,2067.0
1718,0.07991482339885822,2068.0
1719,0.07887711541663295,2069.0
1720,0.0777323754392066,2070.0
1721,0.07783630316468192,2071.0
1722,0.07712999297497498,2072.0
1723,0.07542388453462222,2073.0
1724,0.07506683438673746,2074.0
1725,0.07564618230807858,2075.0
1726,0.07596302850103945,2076.0
1727,0.07751997216185201,2077.0
1728,0.0772201997816647,2078.0
1729,0.0777951504805815,2079.0
1730,0.07881979855638045,2080.0
1731,0.07969416388050318,2081.0
1732,0.08034616425110433,2082.0
1733,0.0812528937190218,2083.0
1734,0.08286105194862235,2084.0
1735,0.08359953184059311,2085.0
1736,0.08404950243411259,2086.0
1737,0.08449960540634464,2087.0
1738,0.08421766761002844,2088.0
1739,0.08448624181637039,2089.0
1740,0.08585253099988187,2090.0
1741,0.08513478605085854,2091.0
1742,0.08613193324369726,2092.0
1743,0.08571982451291897,2093.0
1744,0.0860247951556417,2094.0
1745,0.08673541382764607,2095.0
1746,0.08687223901644259,2096.0
1747,0.08631702981101785,2097.0
1748,0.08687131001819817,2098.0
1749,0.08801164788521708,2099.0
1750,0.08864263530721704,2100.0
1751,0.08928772978427559,2101.0
1752,0.09044236421398442,2102.0
1753,0.09176216769046411,2103.0
1754,0.09241054617296042,2104.0
1755,0.09321457727831436,2105.0
1756,0.09457692197819825,2106.0
1757,0.09472479761582746,2107.0
1758,0.09332645067956133,2108.0
1759,0.09294336883422301,2109.0
1760,0.09235019613066887,2110.0
1761,0.09305387986352344,2111.0
1762,0.09427059909736946,2112.0
1763,0.09541463216488616,2113.0
1764,0.09835374272757562,2114.0
1765,0.09906992147647417,2115.0
1766,0.0985688237234936,2116.0
1767,0.09851931339843333,2117.0
1768,0.09680991426910167,2118.0
1769,0.09640281485214479,2119.0
1770,0.09733365182194605,2120.0
1771,0.09756367867100853,2121.0
1772,0.09781471578391515,2122.0
1773,0.09840701332245871,2123.0
1774,0.09824497139283304,2124.0
1775,0.09733848567041457,2125.0
1776,0.09747289457213074,2126.0
1777,0.098107322870651,2127.0
1778,0.09806882288465459,2128.0
1779,0.09759954461168271,2129.0
1780,0.09848961561082364,2130.0
1781,0.10003499215638574,2131.0
1782,0.10119130328380589,2132.0
1783,0.10377786532223657,2133.0
1784,0.10497651275848094,2134.0
1785,0.10492684548815913,2135.0
1786,0.10465323418269865,2136.0
1787,0.10369536057990451,2137.0
1788,0.10308866852798544,2138.0
1789,0.10279181047075783,2139.0
1790,0.10267664483911416,2140.0
1791,0.1018481817931072,2141.0
1792,0.1017643424918117,2142.0
1793,0.10219297584685304,2143.0
1794,0.10233659837282916,2144.0
1795,0.10322550429288599,2145.0
1796,0.10588205140270675,2146.0
1797,0.10709753266606586,2147.0
1798,0.10823405814444899,2148.0
1799,0.10816854839259975,2149.0
1800,0.10677056180137719,2150.0
1801,0.10613506421189164,2151.0
1802,0.10381220429322716,2152.0
1803,0.10362621351144423,2153.0
1804,0.1060842543015369,2154.0
1805,0.10717251009840228,2155.0
1806,0.1086957110219886,2156.0
1807,0.10951452920961482,2157.0
1808,0.11093920136609323,2158.0
1809,0.10993877751112571,2159.0
1810,0.11025087228299232,2160.0
1811,0.11143324548073617,2161.0
1812,0.11164514503266817,2162.0
1813,0.11127220532646113,2163.0
1814,0.11102064091508033,2164.0
1815,0.11064065203005005,2165.0
1816,0.11001568250168971,2166.0
1817,0.10839683469272479,2167.0
1818,0.10825755680728491,2168.0
1819,0.10891979473573324,2169.0
1820,0.10916630321169231,2170.0
1821,0.11046560584827116,2171.0
1822,0.11109171493266407,2172.0
1823,0.11122406650048408,2173.0
1824,0.11065400931127269,2174.0
1825,0.11052513348393003,2175.0
1826,0.11162986987359007,2176.0
1827,0.11315486476548811,2177.0
1828,0.11422092963988716,2178.0
1829,0.11493125842850754,2179.0
1830,0.11552674587258628,2180.0
1831,0.11600526008411818,2181.0
1832,0.11563154814029004,2182.0
1833,0.116437077185138,2183.0
1834,0.118078378547558,2184.0
1835,0.11889472291574624,2185.0
1836,0.11959067864915708,2186.0
1837,0.12052694101111915,2187.0
1838,0.12163654243170942,2188.0
1839,0.12233465177184233,2189.0
1840,0.12374067156811894,2190.0
1841,0.1238432979692076,2191.0
1842,0.12211038417312164,2192.0
1843,0.1208840128924199,2193.0
1844,0.11836573643953932,2194.0
1845,0.11798047713786997,2195.0
1846,0.11674917710843631,2196.0
1847,0.11717402841705482,2197.0
1848,0.11762040192167196,2198.0
1849,0.11859673572237639,2199.0
1850,0.11984872048558551,2200.0
1851,0.12254902912163862,2201.0
1852,0.12290589996185775,2202.0
1853,0.12221230631270116,2203.0
1854,0.12227898927964972,2204.0
1855,0.12118866721361883,2205.0
1856,0.12094670739834992,2206.0
1857,0.12194412253504835,2207.0
1858,0.12216193301391369,2208.0
1859,0.12067613039522541,2209.0
1860,0.12137063998945181,2210.0
1861,0.12471774015356249,2211.0
1862,0.1257132763553564,2212.0
1863,0.12702038192679752,2213.0
1864,0.12769058623596638,2214.0
1865,0.12680567829381464,2215.0
1866,0.12469287917303455,2216.0
1867,0.12428553125822724,2217.0
1868,0.12358261971153091,2218.0
1869,0.12261320188590814,2219.0
1870,0.12168553092068023,2220.0
1871,0.12131379759820145,2221.0
1872,0.12101048665490025,2222.0
1873,0.12164314154720296,2223.0
1874,0.12357371790141869,2224.0
1875,0.12397413784304213,2225.0
1876,0.1245132090805649,2226.0
1877,0.12455123851364343,2227.0
1878,0.12288073091941062,2228.0
1879,0.12271248790877007,2229.0
1880,0.12389650454339421,2230.0
1881,0.12352640845345579,2231.0
1882,0.12255472329306709,2232.0
1883,0.12224986184589869,2233.0
1884,0.12247335498718005,2234.0
1885,0.12100920894451067,2235.0
1886,0.11777250898574883,2236.0
1887,0.11655210482084492,2237.0
1888,0.11568206874656653,2238.0
1889,0.11320910093383486,2239.0
1890,0.11423660500412156,2240.0
1891,0.11618428536371286,2241.0
1892,0.11443822761505384,2242.0
1893,0.11395322592296508,2243.0
1894,0.11278608498103701,2244.0
1895,0.11073687572665963,2245.0
1896,0.10905461878916192,2246.0
1897,0.10590437205666403,2247.0
1898,0.10644493407884846,2248.0
1899,0.10954607311153008,2249.0
1900,0.11032854283923693,2250.0
1901,0.11359780869125004,2251.0
1902,0.11434438138554712,2252.0
1903,0.11200929250971654,2253.0
1904,0.1106849952065605,2254.0
1905,0.10798747195332223,2255.0
1906,0.10765295663237394,2256.0
1907,0.1089870981827111,2257.0
1908,0.10878022536847755,2258.0
1909,0.11038364698741888,2259.0
1910,0.1107555893319452,2260.0
1911,0.10856806772853106,2261.0
1912,0.1067426695395881,2262.0
1913,0.10493229758116406,2263.0
1914,0.10277777815177173,2264.0
1915,0.10211619984644532,2265.0
1916,0.10274673226525344,2266.0
1917,0.1038634084120822,2267.0
1918,0.10575606190273362,2268.0
1919,0.10634851644965185,2269.0
1920,0.1034549136562731,2270.0
1921,0.10055147552993264,2271.0
1922,0.10134991157159288,2272.0
1923,0.09970631208988007,2273.0
1924,0.09706329903753169,2274.0
1925,0.09647141508098304,2275.0
1926,0.09483878206209294,2276.0
1927,0.09592536729508404,2277.0
1928,0.10197471952421348,2278.0
1929,0.10202076853585954,2279.0
1930,0.10070217497871409,2280.0
1931,0.09883067970611135,2281.0
1932,0.09152313786354425,2282.0
1933,0.09016849012787088,2283.0
1934,0.09345080193125832,2284.0
1935,0.09265153644781866,2285.0
1936,0.09214746487863441,2286.0
1937,0.09031760143740397,2287.0
1938,0.0839610321619776,2288.0
1939,0.08184056621153404,2289.0
1940,0.08194879293010454,2290.0
1941,0.08262784096897652,2291.0
1942,0.0845424183078514,2292.0
1943,0.08840085998184223,2293.0
1944,0.0928646450446418,2294.0
1945,0.09340898095996589,2295.0
1946,0.09425034671232492,2296.0
1947,0.09516157662015245,2297.0
1948,0.09336959487649892,2298.0
1949,0.09369468837778192,2299.0
1950,0.09738132997429186,2300.0
1951,0.09604660911066502,2301.0
1952,0.0938457977938083,2302.0
1953,0.09296255400355878,2303.0
1954,0.0877295233048124,2304.0
1955,0.08530565810496622,2305.0
1956,0.08797736488187344,2306.0
1957,0.08658669862267017,2307.0
1958,0.08616786015511897,2308.0
1959,0.08728926059495397,2309.0
1960,0.08861717900321825,2310.0
1961,0.08807593419369239,2311.0
1962,0.08967702004261553,2312.0
1963,0.09398061661169724,2313.0
1964,0.09702746974047136,2314.0
1965,0.10218975974424949,2315.0
1966,0.10240439203981307,2316.0
1967,0.10060354635797251,2317.0
1968,0.09759356618193944,2318.0
1969,0.08627623412364746,2319.0
1970,0.08369652113220244,2320.0
1971,0.08713065713716214,2321.0
1972,0.08541602007647649,2322.0
1973,0.0859787691797677,2323.0
1974,0.08529326271225907,2324.0
1975,0.07949182979353517,2325.0
1976,0.07788128083182015,2326.0
1977,0.0789405671113084,2327.0
1978,0.07800371880909464,2328.0
1979,0.07706744149573802,2329.0
1980,0.07879936744096531,2330.0
1981,0.08134385536127152,2331.0
1982,0.08440369893461158,2332.0
1983,0.08876726325051792,2333.0
1984,0.09004936705109169,2334.0
1985,0.08917190644145681,2335.0
1986,0.0900513423982771,2336.0
1987,0.08886059827547768,2337.0
1988,0.08380561371628757,2338.0
1989,0.07740961578539064,2339.0
1990,0.06667223898085299,2340.0
1991,0.06661191011939886,2341.0
1992,0.06985495474905523,2342.0
1993,0.06766797890435916,2343.0
1994,0.07465377297488082,2344.0
1995,0.07590879009482764,2345.0
1996,0.0725661487017595,2346.0
1997,0.07992576930163675,2347.0
1998,0.08998624469334474,2348.0
1999,0.09945987037903442,2349.0
2000,0.09973265337084629,2350.0
2001,0.0908811137440917,2351.0
2002,0.08537084941109334,2352.0
2003,0.07576510131749085,2353.0
2004,0.06617951244550814,2354.0
2005,0.06795453090021167,2355.0
2006,0.06807733999472515,2356.0
2007,0.05904666072088822,2357.0
2008,0.05515888968823236,2358.0
2009,0.04499439580637647,2359.0
2010,0.03443651520421309,2360.0
2011,0.039590287214078236,2361.0
2012,0.04448178742280309,2362.0
2013,0.05149527461763464,2363.0
2014,0.06858559034749183,2364.0
2015,0.07169017324400187,2365.0
2016,0.06739086815126402,2366.0
2017,0.07377099079866693,2367.0
2018,0.08306643690130235,2368.0
2019,0.08189457576944602,2369.0
2020,0.07793284595854959,2370.0
2021,0.07328366939836047,2371.0
2022,0.05391182552828625,2372.0
2023,0.049734113485481964,2373.0
2024,0.06220098232055159,2374.0
2025,0.06757460338660251,2375.0
2026,0.0763081514987497,2376.0
2027,0.07340763203011731,2377.0
2028,0.0615216189420499,2378.0
2029,0.05334406749178546,2379.0
2030,0.03477699364820453,2380.0
2031,0.028921942586615314,2381.0
2032,0.031887679391945804,2382.0
2033,0.03401532340098587,2383.0
2034,0.040480025449291336,2384.0
2035,0.046612931037654536,2385.0
2036,0.0622130686587614,2386.0
2037,0.0661702530172319,2387.0
2038,0.06031595008914032,2388.0
2039,0.05769572288118447,2389.0
2040,0.05050604252658502,2390.0
2041,0.04422712036607183,2391.0
2042,0.044439728193271064,2392.0
2043,0.037945544027672355,2393.0
2044,0.01663426599416406,2394.0
2045,0.01416273345385238,2395.0
2046,0.01625920231582762,2396.0
2047,0.01663672976477775,2397.0
2048,0.04034026329344394,2398.0
2049,0.048952826461087014,2399.0
2050,0.038926986617383426,2400.0
2051,0.05354782671656909,2401.0
2052,0.06151520532338005,2402.0
2053,0.042379942793450365,2403.0
2054,0.049625597895390866,2404.0
2055,0.0504467988967756,2405.0
2056,0.04718116330610963,2406.0
2057,0.04885018038890945,2407.0
2058,0.037692684179701265,2408.0
2059,0.04486572023344428,2409.0
2060,0.06082442316530109,2410.0
2061,0.07859851822193195,2411.0
2062,0.10177424870610387,2412.0
2063,0.08836033721632065,2413.0
2064,0.08556200633677362,2414.0
2065,0.09532093283099935,2415.0
2066,0.06121280851975232,2416.0
2067,0.040348138767671425,2417.0
2068,0.047283245026691074,2418.0
2069,0.04163615965197909,2419.0
2070,0.06901954201448371,2420.0
2071,0.0936114058235099,2421.0
2072,0.09513894835799108,2422.0
2073,0.09159125046506332,2423.0
2074,0.06998119935671518,2424.0
2075,0.04668291576374159,2425.0
2076,0.011615214638540598,2426.0
2077,0.0166510181267222,2427.0
2078,0.028529471242318787,2428.0
2079,0.037569842441866286,2429.0
2080,0.08102411989768492,2430.0
2081,0.06253938754330189,2431.0
2082,0.021377417186125916,2432.0
2083,-0.0038422107114014677,2433.0
2084,-0.04871987854166363,2434.0
2085,-0.05547775327912368,2435.0
2086,-0.05455280726406309,2436.0
2087,-0.0436164619187167,2437.0
2088,-0.00932640288450376,2438.0
2089,-0.018726183967145354,2439.0
2090,-0.08312986752326687,2440.0
2091,-0.08164007495211617,2441.0
2092,-0.07014504245848599,2442.0
2093,-0.07548515078034895,2443.0
2094,-0.02421813602186408,2444.0
2095,-0.05332166841397717,2445.0
2096,-0.1339949973117396,2446.0
2097,-0.048824122815535324,2447.0
2098,0.09695654446953644,2448.0
2099,0.13455515751967415,2449.0
2100,0.09467872297914585,2450.0
2101,0.08005406485329589,2451.0
2102,-0.0018240726708492136,2452.0
2103,-0.07112125112801514,2453.0
2104,-0.02604968319172772,2454.0
2105,-5.033882454836063e-05,2455.0
2106,-0.001694127278939589,2456.0
2107,0.0561296798897698,2457.0
2108,0.00274001955219558,2458.0
2109,-0.05676961892029824,2459.0
2110,-0.02251906874462041,2460.0
2111,-0.007432016463735138,2461.0
2112,0.05113929176575309,2462.0
2113,0.013544597820872431,2463.0
2114,0.0440961267420252,2464.0
2115,0.043636960365341884,2465.0
2116,0.11493912579326822,2466.0
2117,0.6483586673168823,2467.0
2118,0.6400993127669077,2468.0
2119,8.854730379653287,2469.0
2120,1.5908713443008304,2470.0
2121,0.2137285964469606,2471.0
2122,0.07548798517817748,2472.0
2123,0.10555866553038823,2473.0
2124,-0.14264335285445137,2474.0
2125,-0.28708135503358057,2475.0
2126,-0.36101186849527067,2476.0
2127,-0.7357131655923256,2477.0
2128,-0.3895903516742033,2478.0
2129,-0.2934094117903978,2479.0
2130,-0.31788855974020747,2480.0
2131,0.2151013172354866,2481.0
2132,0.5306360221352519,2482.0
2133,-5.057080982919044,2483.0
2134,-1.0254580725528186,2484.0
2135,-1.5219852905714615,2485.0
2136,-0.9141568679149715,2486.0
2137,-0.7197031410848367,2487.0
2138,3.530802516205202,2488.0
2139,0.47767975279700003,2489.0
2140,-0.09248250958176378,2490.0
2141,-0.36592605349913165,2491.0
2142,-0.894862764462171,2492.0
2143,-9.588269351989243,2493.0
2144,1.0996345592244927,2494.0
2145,0.19331567027973243,2495.0
2146,0.27787576932686603,2496.0
2147,0.7725090812789988,2497.0
2148,0.5401155336825066,2498.0
2149,0.989289199518501,2499.0
2150,0.734579366375087,2500.0
